Workbook

Sheet Hoja2
A1: codigo | B1: Descripcion | C1: Precio | D1: unid medida
A2: 1.1 | B2: De vías tranviarias (ambas vías) | C2: 348.74 | D2: ml
A3: 1.2 | B3: De material asfáltico sobre granito o granitullo | C3: 424.55 | D3: m2
A4: 1.3.1 | B4: 0,12 m | C4: 659.97 | D4: ml
A5: 1.3.2 | B5: 0,18 m | C5: 733.39 | D5: ml
A6: 1.4.1 | B6: 0.12 m | C6: 594.54 | D6: ml
A7: 1.4.2 | B7: 0.18 m | C7: 742.97 | D7: ml
A8: 2.1 | B8: Excavación de todo tipo no clasificada, incluido compactación, perfilado de rasante y carga con transporte | C8: 795.64 | D8: m3
A9: 2.2 | B9: Saneamiento de suelos (sin provisión de R.A.P.) | C9: 929.71 | D9: m3
A10: 2.3 | B10: Saneamiento de suelos (sin provisión de R.A.P.), a mano | C10: 828.36 | D10: m3
A11: 2.4 | B11: Saneamiento con provisión de suelo seleccionado | C11: 929.71 | D11: m3
A12: 2.5 | B12: Saneamiento con provisión de suelo seleccionado, a mano | C12: 1148.37 | D12: m3
A13: 2.6 | B13: Saneamiento con provisión de suelo seleccionado y/o RAP (provisto por GCBA) con incorporación de cemento | C13: 1124.43 | D13: m3
... A56: 10.4 | B56: Reductores de velocidad | C56: 9780.7 | D56: ton

Sheet TD
L1: Instrucciones de uso Planilla Estimado Previal
L3: - Copiar datos de reporte enviado a conformidad y pegar como valores desde el segundo registro y primer columna de la hoja BD de este archivo.
B4: Etiquetas de fila | C4: Estimado | G4: Etiquetas de fila | H4: Estimado | L4: - Verificar que hayan quedado unicamente los registros del reporte a estimar y no algunos de reportes estimados anteriormente.
A5: =VLOOKUP(B5,Hoja1!D:E,2,0) -> #N/A | C5: 79096995 | G5: C01 | H5: 0 | L5: - Pararse en la tabla dinamica de abajo (Estimado) y luego ir a Analizar tabla dinámica en la barra superior y tocar el boton Actualizar.
A6: =VLOOKUP(B6,Hoja1!D:E,2,0) -> #N/A | B6: P6_2_Z10 | C6: 0 | G6: C02 | H6: 0
A7: =VLOOKUP(B7,Hoja1!D:E,2,0) -> #N/A | B7: (en blanco) | C7: 0 | G7: C03 | H7: 0 | L7: Estimado
A8: =VLOOKUP(B8,Hoja1!D:E,2,0) -> #N/A | B8: Total general | C8: 79096995 | G8: C04 | H8: 0 | L8: 79096995 | O8: =SUM(BD!Q2:Q1062) -> 0
A9: =VLOOKUP(B9,Hoja1!D:E,2,0) -> #N/A | G9: C06 | H9: 0
A10: =VLOOKUP(B10,Hoja1!D:E,2,0) -> #N/A | G10: C10 | H10: 0
A11: =VLOOKUP(B11,Hoja1!D:E,2,0) -> #N/A | G11: C11 | H11: 0
A12: =VLOOKUP(B12,Hoja1!D:E,2,0) -> #N/A | D12: 3.9693653 | G12: C12 | H12: 0
A13: =VLOOKUP(B13,Hoja1!D:E,2,0) -> #N/A | G13: C13 | H13: 0
A14: =VLOOKUP(B14,Hoja1!D:E,2,0) -> #N/A | D14: =D12*GETPIVOTDATA("Vtotal",$B$4) -> 3.1396487e+08 | H14: 79096995
A15: =VLOOKUP(B15,Hoja1!D:E,2,0) -> #N/A | G15: (en blanco) | H15: 0
A16: =VLOOKUP(B16,Hoja1!D:E,2,0) -> #N/A | G16: Total general | H16: 79096995
A17: =VLOOKUP(B17,Hoja1!D:E,2,0) -> #N/A
A18: =VLOOKUP(B18,Hoja1!D:E,2,0) -> #N/A
A19: =VLOOKUP(B19,Hoja1!D:E,2,0) -> #N/A
A20: =VLOOKUP(B20,Hoja1!D:E,2,0) -> #N/A
A21: =VLOOKUP(B21,Hoja1!D:E,2,0) -> #N/A
A22: =VLOOKUP(B22,Hoja1!D:E,2,0) -> #N/A
A23: =VLOOKUP(B23,Hoja1!D:E,2,0) -> #N/A

Sheet BD
A1: N° de Orden | B1: Clase de Orden | C1: Texto Breve de Orden | D1: Inic. extr. | E1: Fin extr. | F1: Clase Actividad | G1: Area empresa | H1: Pto.tbjo.responsable | I1: Ubicación Técnica | J1: Denominación de la ubicación técnica | K1: Status Usuario Orden | L1: Clave de Modelo | M1: Descripcion Operación | N1: Unidad Medida | O1: Cantidad Realizada | P1: VxU | Q1: Vtotal
P2: =IF(AND(Tabla1[[#This Row],[Pto.tbjo.responsable]]="",Tabla1[[#This Row],[Clave de Modelo]]<>""),VLOOKUP(Tabla1[[#This Row],[Clave de Modelo]],Preciario!$D$1:$Z$176,MATCH($H$2,Preciario!$D$1:$Z$1,0),FALSE),0) -> 0 | Q2: =Tabla1[[#This Row],[Cantidad Realizada]]*Tabla1[[#This Row],[VxU]] -> 0
P3: =IF(AND(Tabla1[[#This Row],[Pto.tbjo.responsable]]="",Tabla1[[#This Row],[Clave de Modelo]]<>""),VLOOKUP(Tabla1[[#This Row],[Clave de Modelo]],Preciario!$D$1:$Z$176,MATCH($H$2,Preciario!$D$1:$Z$1,0),FALSE),0) -> 0 | Q3: =Tabla1[[#This Row],[Cantidad Realizada]]*Tabla1[[#This Row],[VxU]] -> 0
P4: =IF(AND(Tabla1[[#This Row],[Pto.tbjo.responsable]]="",Tabla1[[#This Row],[Clave de Modelo]]<>""),VLOOKUP(Tabla1[[#This Row],[Clave de Modelo]],Preciario!$D$1:$Z$176,MATCH($H$2,Preciario!$D$1:$Z$1,0),FALSE),0) -> 0 | Q4: =Tabla1[[#This Row],[Cantidad Realizada]]*Tabla1[[#This Row],[VxU]] -> 0
P5: =IF(AND(Tabla1[[#This Row],[Pto.tbjo.responsable]]="",Tabla1[[#This Row],[Clave de Modelo]]<>""),VLOOKUP(Tabla1[[#This Row],[Clave de Modelo]],Preciario!$D$1:$Z$176,MATCH($H$2,Preciario!$D$1:$Z$1,0),FALSE),0) -> 0 | Q5: =Tabla1[[#This Row],[Cantidad Realizada]]*Tabla1[[#This Row],[VxU]] -> 0
P6: =IF(AND(Tabla1[[#This Row],[Pto.tbjo.responsable]]="",Tabla1[[#This Row],[Clave de Modelo]]<>""),VLOOKUP(Tabla1[[#This Row],[Clave de Modelo]],Preciario!$D$1:$Z$176,MATCH($H$2,Preciario!$D$1:$Z$1,0),FALSE),0) -> 0 | Q6: =Tabla1[[#This Row],[Cantidad Realizada]]*Tabla1[[#This Row],[VxU]] -> 0
P7: =IF(AND(Tabla1[[#This Row],[Pto.tbjo.responsable]]="",Tabla1[[#This Row],[Clave de Modelo]]<>""),VLOOKUP(Tabla1[[#This Row],[Clave de Modelo]],Preciario!$D$1:$Z$176,MATCH($H$2,Preciario!$D$1:$Z$1,0),FALSE),0) -> 0 | Q7: =Tabla1[[#This Row],[Cantidad Realizada]]*Tabla1[[#This Row],[VxU]] -> 0
P8: =IF(AND(Tabla1[[#This Row],[Pto.tbjo.responsable]]="",Tabla1[[#This Row],[Clave de Modelo]]<>""),VLOOKUP(Tabla1[[#This Row],[Clave de Modelo]],Preciario!$D$1:$Z$176,MATCH($H$2,Preciario!$D$1:$Z$1,0),FALSE),0) -> 0 | Q8: =Tabla1[[#This Row],[Cantidad Realizada]]*Tabla1[[#This Row],[VxU]] -> 0
P9: =IF(AND(Tabla1[[#This Row],[Pto.tbjo.responsable]]="",Tabla1[[#This Row],[Clave de Modelo]]<>""),VLOOKUP(Tabla1[[#This Row],[Clave de Modelo]],Preciario!$D$1:$Z$176,MATCH($H$2,Preciario!$D$1:$Z$1,0),FALSE),0) -> 0 | Q9: =Tabla1[[#This Row],[Cantidad Realizada]]*Tabla1[[#This Row],[VxU]] -> 0
P10: =IF(AND(Tabla1[[#This Row],[Pto.tbjo.responsable]]="",Tabla1[[#This Row],[Clave de Modelo]]<>""),VLOOKUP(Tabla1[[#This Row],[Clave de Modelo]],Preciario!$D$1:$Z$176,MATCH($H$2,Preciario!$D$1:$Z$1,0),FALSE),0) -> 0 | Q10: =Tabla1[[#This Row],[Cantidad Realizada]]*Tabla1[[#This Row],[VxU]] -> 0
P11: =IF(AND(Tabla1[[#This Row],[Pto.tbjo.responsable]]="",Tabla1[[#This Row],[Clave de Modelo]]<>""),VLOOKUP(Tabla1[[#This Row],[Clave de Modelo]],Preciario!$D$1:$Z$176,MATCH($H$2,Preciario!$D$1:$Z$1,0),FALSE),0) -> 0 | Q11: =Tabla1[[#This Row],[Cantidad Realizada]]*Tabla1[[#This Row],[VxU]] -> 0
P12: =IF(AND(Tabla1[[#This Row],[Pto.tbjo.responsable]]="",Tabla1[[#This Row],[Clave de Modelo]]<>""),VLOOKUP(Tabla1[[#This Row],[Clave de Modelo]],Preciario!$D$1:$Z$176,MATCH($H$2,Preciario!$D$1:$Z$1,0),FALSE),0) -> 0 | Q12: =Tabla1[[#This Row],[Cantidad Realizada]]*Tabla1[[#This Row],[VxU]] -> 0
P13: =IF(AND(Tabla1[[#This Row],[Pto.tbjo.responsable]]="",Tabla1[[#This Row],[Clave de Modelo]]<>""),VLOOKUP(Tabla1[[#This Row],[Clave de Modelo]],Preciario!$D$1:$Z$176,MATCH($H$2,Preciario!$D$1:$Z$1,0),FALSE),0) -> 0 | Q13: =Tabla1[[#This Row],[Cantidad Realizada]]*Tabla1[[#This Row],[VxU]] -> 0
... P813: =IF(AND(Tabla1[[#This Row],[Pto.tbjo.responsable]]="",Tabla1[[#This Row],[Clave de Modelo]]<>""),VLOOKUP(Tabla1[[#This Row],[Clave de Modelo]],Preciario!$D$1:$Z$176,MATCH($H$2,Preciario!$D$1:$Z$1,0),FALSE),0) -> 0 | Q813: =Tabla1[[#This Row],[Cantidad Realizada]]*Tabla1[[#This Row],[VxU]] -> 0

Sheet Hoja1
A1: RENGLON | B1: EMPRESA | C1: EMPRESAR | D1: CODIGO EMPRESA
A2: R1 | B2: C y E | C2: R1 - C y E | D2: P5-1-Z01 | E2: R1 - C y E
A3: R2 | B3: CONCRET NOR | C3: R2 - CONCRET NOR | D3: P5-1-Z02 | E3: R2 - CONCRET NOR
A4: R3 | B4: INGEVIAL | C4: R3 - INGEVIAL | D4: P5-1-Z03 | E4: R3 - INGEVIAL
A5: R4 | B5: FARALLON | C5: R4 - FARALLON | D5: P5-1-Z04 | E5: R4 - FARALLON
A6: R5 | B6: MARCALBA | C6: R5 - MARCALBA | D6: P5-1-Z05 | E6: R5 - MARCALBA
A7: R6 | B7: POSE | C7: R6 - POSE | D7: P5-1-Z06 | E7: R6 - POSE
A8: R7 | B8: COARCO | C8: R7 - COARCO | D8: P5-1-Z07 | E8: R7 - COARCO
A9: R8 | B9: PREDIAL | C9: R8 - PREDIAL | D9: P5-1-Z08 | E9: R8 - PREDIAL
A10: R9 | B10: CONSTRUMEX | C10: R9 - CONSTRUMEX | D10: P5-1-Z09 | E10: R9 - CONSTRUMEX
A11: R10 | B11: BETTON SEPEYCO | C11: R10 - BETTON SEPEYCO | D11: P5-2-Z01 | E11: R10 - BETTON SEPEYCO
A12: R11 | B12: ALTOTE | C12: R11 - ALTOTE | D12: P5-2-Z02 | E12: R11 - ALTOTE
A13: R12 | B13: TECNOVIAS | C13: R12 - TECNOVIAS | D13: P5-2-Z03 | E13: R12 - TECNOVIAS
... A25: R24 | B25: SACH | C25: R24 - SACH | D25: P5-2-Z15 | E25: R24 - SACH

Sheet Preciario
A1: Indice | B1: Descripcion | D1: Clave Modelo | E1: P6_1_Z01 | F1: P6_1_Z02 | G1: P6_1_Z03 | H1: P6_1_Z04 | I1: P6_1_Z05 | J1: P6_1_Z06 | K1: P6_1_Z07 | L1: P6_1_Z08 | M1: P6_2_Z01 | N1: P6_2_Z02 | O1: P6_2_Z03 | P1: P6_2_Z04 | Q1: P6_2_Z05 | R1: P6_2_Z06 | S1: P6_2_Z07 | T1: P6_2_Z08 | U1: P6_2_Z09 | V1: P6_2_Z10 | W1: P6_2_Z11 | X1: P6_2_Z12 | Y1: P6_2_Z13 | Z1: P6_2_Z14
A2: 1.1 | B2: De vías tranviarias (ambas vías) | C2: ml | D2: 1P6-001 | E2: 5507.22 | F2: 5509 | G2: 5507.23 | H2: 5507.31 | I2: 5509 | J2: 5508.02 | K2: 5588.4 | L2: 5508.69
A3: 1.2 | B3: De material asfáltico sobre granito o granitullo | C3: m2 | D3: 1P6-002 | E3: 2944.38 | F3: 2953.16 | G3: 2944.41 | H3: 2944.44 | I3: 2944.89 | J3: 2947.13 | K3: 2951.74 | L3: 2945.71
A4: 1.3.1 | B4: Hormigón | C4: m2 | D4: 1P6-003 | E4: 4112.21 | F4: 4113.51 | G4: 4112.23 | H4: 4112.25 | I4: 4113.51 | J4: 6145.91 | K4: 4122.48 | L4: 4112.82
A5: 1.3.2 | B5: Cualquier tipo | C5: m2 | D5: 1P6-004 | E5: 3775.36 | F5: 3776.63 | G5: 3775.38 | H5: 3775.38 | I5: 3776.63 | J5: 3778.14 | K5: 3784.79 | L5: 3778.51
A6: 1.4.1 | B6: 0,12 m | C6: ml | D6: 1P6-005 | E6: 10166.22 | F6: 10197.16 | G6: 10170.44 | H6: 10166.54 | I6: 10197.16 | J6: 10177.23 | K6: 10191.63 | L6: 10171.98
A7: 1.4.2 | B7: 0,18 m | C7: ml | D7: 1P6-006 | E7: 11389.14 | F7: 11423.15 | G7: 11394.5 | H7: 11389.22 | I7: 11423.15 | J7: 11407.67 | K7: 11417.6 | L7: 11393.76
A8: 1.5.1 | B8: 0,12 m | C8: ml | D8: 1P6-007 | E8: 7941.89 | F8: 7965.62 | G8: 7942.57 | H8: 7942.39 | I8: 7965.62 | J8: 7962.91 | K8: 7961.74 | L8: 7944.66
A9: 1.5.2 | B9: 0,18 m | C9: ml | D9: 1P6-008 | E9: 9044.96 | F9: 9072.53 | G9: 9044.98 | H9: 9045.28 | I9: 9072.53 | J9: 9066.67 | K9: 9067.58 | L9: 9048.26
A10: 1.6.1 | B10: Texturizado y/o fresado menor a 3 cm de espesor promedio | C10: m2 | D10: 1P6-009 | E10: 780.02 | F10: 782.33 | G10: 780.07 | H10: 780.03 | I10: 780.13 | J10: 781.29 | K10: 781.97 | L10: 780.24
A11: 1.6.2 | B11: Fresado entre 3 cm y 5 cm espesor promedio | C11: m2 | D11: 1P6-010 | E11: 1281.03 | F11: 1281.38 | G11: 1281.04 | H11: 1281.03 | I11: 1281.69 | J11: 1483.42 | K11: 1284.22 | L11: 1281.36
A12: 1.6.3 | B12: Fresado entre 6 cm y 10 cm espesor promedio | C12: m2 | D12: 1P6-011 | E12: 1766.85 | F12: 1772.31 | G12: 1766.88 | H12: 1767.02 | I12: 1772.31 | J12: 2551.66 | K12: 1771.27 | L12: 1767.31
A13: 1.7.1 | B13: Fresado en 5 cm | C13: m2 | D13: 1P6-012 | E13: 2000.78 | F13: 2006.76 | G13: 2000.79 | H13: 2001.91 | I13: 2006.76 | J13: 2001.47 | K13: 2005.79 | L13: 2001.29
... A111: 12.3 | B111: Cordones plásticos doble montante - ML Separador S400-100 ( 25x40x10 cm) | C111: ml | D111: 1P6-110 | E111: 29630.25 | F111: 29719.79 | G111: 29631.1 | H111: 29631.43 | I111: 29719.81 | J111: 29650.68 | K111: 29704.3 | L111: 29650.98
A112: 1.1 | B112: De vías tranviarias (ambas vías) | C112: ml | D112: 2P6-001 | M112: 3881.29 | N112: 3883.81 | O112: 3880.4 | P112: 3880.65 | Q112: 3879.93 | R112: 3888.77 | S112: 3909.99 | T112: 3883.92 | U112: 3904.17 | V112: 3879.92 | W112: 3885.25 | X112: 3879.94 | Y112: 3884.77 | Z112: 3815.32
A113: 1.2 | B113: De material asfáltico sobre granito o granitullo | C113: m2 | D113: 2P6-002 | M113: 4482.61 | N113: 4483.23 | O113: 4482.41 | P113: 4488.46 | Q113: 4481.9 | R113: 4488.21 | S113: 4516.58 | T113: 4486.46 | U113: 4509.86 | V113: 4481.86 | W113: 4488 | X113: 4481.87 | Y113: 4487.45 | Z113: 4441.44
A114: 1.3.1 | B114: 0,12 m | C114: ml | D114: 2P6-003 | M114: 10171.95 | N114: 10166.63 | O114: 10167.49 | P114: 10173.05 | Q114: 10166.32 | R114: 10171.51 | S114: 10245 | T114: 10176.66 | U114: 10229.75 | V114: 10166.22 | W114: 10180.22 | X114: 10166.28 | Y114: 10178.92 | Z114: 10229.87
A115: 1.3.2 | B115: 0,18 m | C115: ml | D115: 2P6-004 | M115: 11392.51 | N115: 11389.63 | O115: 11390.55 | P115: 11395.47 | Q115: 11389.22 | R115: 11392.78 | S115: 11477.39 | T115: 11400.85 | U115: 11460.32 | V115: 11389.13 | W115: 11404.8 | X115: 11389.2 | Y115: 11403.36 | Z115: 11547.45
A116: 1.4.1 | B116: 0.12 m | C116: ml | D116: 2P6-005 | M116: 7943.11 | N116: 7942.74 | O116: 7942.88 | P116: 7950.23 | Q116: 7941.98 | R116: 7963.81 | S116: 8003.44 | T116: 7950.05 | U116: 7991.52 | V116: 7941.89 | W116: 7952.81 | X116: 7941.94 | Y116: 7951.82 | Z116: 8173.62
A117: 1.4.2 | B117: 0.18 m | C117: ml | D117: 2P6-006 | M117: 9050.27 | N117: 9045.52 | O117: 9046.09 | P117: 9048.86 | Q117: 9044.99 | R117: 9058.92 | S117: 9115.06 | T117: 9054.27 | U117: 9101.49 | V117: 9044.96 | W117: 9057.4 | X117: 9045.01 | Y117: 9056.27 | Z117: 9377.97
A118: 1.4.3 | B118: Demolicion de Calzada | C118: m² | D118: 2P6-007 | M118: 11842.94 | N118: 11839.95 | O118: 11840.98 | P118: 11842.73 | Q118: 11839.65 | R118: 11857.25 | S118: 11931.26 | T118: 11851.68 | U118: 11913.5 | V118: 11839.51 | W118: 11855.79 | X118: 11839.58 | Y118: 11854.3 | Z118: 12184.98
A119: 2.1 | B119: Excavación de todo tipo no clasificada, incluido compactación, perfilado de rasante y carga con transporte | C119: m3 | D119: 2P6-008 | M119: 7911.05 | N119: 7914.78 | O119: 7911.75 | P119: 7912.45 | Q119: 7910.88 | R119: 7983.88 | S119: 7972.07 | T119: 7918.88 | U119: 7960.2 | V119: 7910.76 | W119: 7921.64 | X119: 7910.81 | Y119: 7920.65 | Z119: 8020.72
A120: 2.2 | B120: Saneamiento de suelos (sin provisión de R.A.P.) | C120: m3 | D120: 2P6-009 | M120: 9663.06 | N120: 9660.91 | O120: 9661.18 | P120: 9663.09 | Q120: 9660 | R120: 9729.17 | S120: 9734.83 | T120: 9669.89 | U120: 9720.34 | V120: 9660.1 | W120: 9673.23 | X120: 9660.03 | Y120: 9672.04 | Z120: 9720.45
A121: 2.3 | B121: Saneamiento de suelos (sin provisión de R.A.P.), a mano | C121: m3 | D121: 2P6-010 | M121: 8640.29 | N121: 8640.77 | O121: 8640.79 | P121: 8641.15 | Q121: 8639.73 | R121: 8651.8 | S121: 8706.67 | T121: 8648.6 | U121: 8693.71 | V121: 8639.73 | W121: 8651.6 | X121: 8639.76 | Y121: 8650.51 | Z121: 8627.84
A122: 2.4 | B122: Saneamiento con provisión de suelo seleccionado | C122: m3 | D122: 2P6-011 | M122: 10477.79 | N122: 10474.85 | O122: 10475.67 | P122: 10475.37 | Q122: 10474.37 | R122: 10601.14 | S122: 10555.54 | T122: 10485.13 | U122: 10539.82 | V122: 10474.37 | W122: 10488.76 | X122: 10474.42 | Y122: 10487.45 | Z122: 10379.93
A123: 2.5 | B123: Saneamiento con provisión de suelo seleccionado, a mano | C123: m3 | D123: 2P6-012 | M123: 12281.8 | N123: 12280.06 | O123: 12281.03 | P123: 12280.76 | Q123: 12279.55 | R123: 12366.31 | S123: 12374.66 | T123: 12292.11 | U123: 12356.24 | V123: 12279.5 | W123: 12296.39 | X123: 12279.57 | Y123: 12294.85 | Z123: 12074.97
... A176: 11.12 | B176: Provisión de valla delimitadora metálicas en color amarilo con balisas luminicas | C176: ml | D176: 2P6-065 | M176: 20412.7 | N176: 20419.71 | O176: 20410.45 | P176: 20432.45 | Q176: 20407.92 | R176: 20475.5 | S176: 20566.06 | T176: 20428.87 | U176: 20535.46 | V176: 20407.9 | W176: 20435.97 | X176: 20408.04 | Y176: 20433.41 | Z176: 21003.36
